Nombres,Pol1,Pol2,Pol3,Pol4,Pol5,Pol6,Nombres2
606,1,1,1,1,1,1,L_virgatum
A_pubescens,0,0,0,0,0,0,A_pubescens
C_selaginoides,0,0,0,0,0,0,C_selaginoides
He_micranthum,0,0,4,4,0,0,He_micranthum
L_acuticarpum,0,0,3,3,2,2,L_acuticarpum
L_adustum,0,0,3,3,2,2,L_adustum
L_aethiopicum,0,0,3,3,2,2,L_aethiopicum
L_africanum,0,0,3,3,2,2,L_africanum
L_album,1,1,1,1,1,1,L_album
L_alpinum,1,1,1,1,1,1,L_alpinum
L_arboreum,1,1,1,1,1,1,L_arboreum
L_aretioides,1,1,1,1,1,1,L_aretioides
L_aroanium1,1,1,1,1,1,1,L_aroanium
L_austr_gomaricum,1,1,1,1,1,1,L_austriacum_gomaricum
L_austr_mauritanicum,1,1,1,1,1,1,L_austriacum_mauritanicum
L_austriacum,1,1,1,1,1,1,L_austriacum
L_bienne,0,0,0,0,0,0,L_bienne
L_brevistylum,0,0,3,3,2,2,L_brevistylum
L_campanulatum,1,1,1,1,1,1,L_campanulatum
L_capitatum,1,1,1,1,1,1,L_capitatum
L_catharticum,0,0,0,0,0,0,L_catharticum
L_comptonii,1,1,1,1,1,1,L_comptonii
L_corymbiferum,1,1,1,1,1,1,L_corymbiferum
L_corymbulosum,0,0,0,0,0,0,L_corymbulosum
L_decumbens1,0,0,0,0,0,0,L_decumbens
L_densiflorum1,1,1,1,1,1,1,L_densiflorum
L_densiflorum2,1,1,1,1,1,1,L_densiflorum
L_elegans,1,1,1,1,1,1,L_elegans
L_empetrifolium1,1,1,1,1,1,1,L_empetrifolium
L_esterhuysenae,0,0,3,3,2,2,L_esterhuysenae
L_flavum,1,1,1,1,1,1,L_flavum
L_gallicum,0,0,0,0,0,0,L_gallicum
L_gracile,0,0,3,3,2,2,L_gracile
L_grandiflorum,1,1,6,6,3,3,L_grandiflorum
L_gyaricum,1,1,1,1,1,1,L_gyaricum
L_heterostylum,1,1,1,1,1,1,L_heterostylum
L_hirsutum,1,1,2,2,1,1,L_hirsutum
L_hologynum,0,0,3,3,2,2,L_hologynum
L_hypericifolium,1,1,1,1,1,1,L_hypericifolium
L_kingii,0,0,4,4,0,0,L_kingii
L_lanuginosum,1,1,1,1,1,1,L_lanuginosum
L_leonii,0,0,0,0,0,0,L_leonii
L_lewisii,0,0,3,3,2,2,L_lewisii
L_liburnicum,0,0,0,0,0,0,L_liburnicum
L_littorale,0,0,5,5,2,2,L_littorale
L_macraei,0,0,3,3,2,2,L_macraei
L_marginale,0,0,0,0,0,0,L_marginale
L_maritimum,1,1,1,1,1,1,L_maritimum
L_mucronatum1,1,1,1,1,1,1,L_mucronatum
L_mumbyanum,1,1,1,1,1,1,L_mumbyanum
L_narbonense,1,1,1,1,1,1,L_narbonense
L_nervosum,1,1,1,1,1,1,L_nervosum
L_nodiflorum,0,0,5,5,2,2,L_nodiflorum
L_numidicum,1,1,1,1,1,1,L_numidicum
L_obtusatum,1,1,1,1,1,1,L_obtusatum
L_pallescens,0,0,0,0,0,0,L_pallescens
L_perenne,1,1,1,1,1,1,L_perenne
L_prostratum,0,0,5,5,2,2,L_prostratum
L_pubescens,1,1,1,1,1,1,L_pubescens
L_punctatum1,1,1,1,1,1,1,L_punctatum
L_punctatum2,1,1,1,1,1,1,L_punctatum
L_pungens,0,0,3,3,2,2,L_pungens
L_pycnophyllum,1,1,1,1,1,1,L_pycnophyllum
L_quadrifolium,0,0,3,3,2,2,L_quadrifolium
L_rupestre,0,0,3,3,2,2,L_rupestre
L_seljukorum,0,0,0,0,0,0,L_seljukorum
L_setaceum,0,0,0,0,0,0,L_setaceum
L_flos-carmini,1,1,1,1,1,1,L_flos-carmini
L_spathulatum,1,1,1,1,1,1,L_spathulatum
L_stelleroides,0,0,0,0,0,0,L_stelleroides
L_striatum,0,0,3,3,2,2,L_striatum
L_strictum,0,0,0,0,0,0,L_strictum
L_subasperifolium,1,1,1,1,1,1,L_subasperifolium
L_suffruticosum1,1,1,7,7,1,1,L_suffruticosum
L_tauricum,1,1,1,1,1,1,L_tauricum
L_tenue1,1,1,1,1,1,1,L_tenue
L_tenue3,1,1,1,1,1,1,L_tenue
L_tenuifolium1,0,0,4,4,0,0,L_tenuifolium
L_thesioides,0,0,3,3,2,2,L_thesioides
L_thunbergii,0,0,3,3,2,2,L_thunbergii
L_tmoleum,1,1,1,1,1,1,L_tmoleum
L_tommasinii,1,1,1,1,1,1,L_tommasinii
L_triflorum,1,1,1,1,1,1,L_triflorum
L_trigynum,0,0,0,0,0,0,L_trigynum
L_usitatissimum,0,0,0,0,0,0,L_usitatissimum
L_vernale,0,0,3,3,2,2,L_vernale
L_villarianum,0,0,0,0,0,0,L_villarianum
L_villosum,0,0,3,3,2,2,L_villosum
L_virgultorum,1,1,1,1,1,1,L_virgultorum
L_viscosum,1,1,1,1,1,1,L_viscosum
L_volkensii,0,0,3,3,2,2,L_volkensii
Ra_linoides,0,0,4,4,0,0,Ra_linoides
Re_indica,1,1,1,1,1,1,Re_indica
S_digynum,0,0,0,0,0,0,S_digynum
T_sinensis,1,0,1,0,1,0,T_sinensis
